{
  "(2, +)": [
    187.81818181818184,
    376.6363636363637,
    565.4545454545455,
    759.2727272727274,
    962.0909090909091,
    1221.909090909091,
    1554.6363636363637,
    2032.181818181819,
    2793.363636363636,
    4424.727272727273
  ],
  "(3, +)": [
    191.72727272727275,
    384.4545454545455,
    577.1818181818181,
    771.909090909091,
    973.6363636363636,
    1218.3636363636363,
    1524.181818181818,
    1941.636363636364,
    2657.9090909090905,
    3999.454545454545
  ],
  "(1, +)": [
    206.54545454545456,
    414.0909090909091,
    621.6363636363636,
    830.1818181818182,
    1059.7272727272727,
    1334.2727272727273,
    1687.8181818181818,
    2116.3636363636365,
    2917.818181818182,
    4233.181818181819
  ],
  "(2, -)": [
    189.9090909090909,
    380.8181818181818,
    571.7272727272727,
    767.6363636363636,
    963.5454545454545,
    1213.909090909091,
    1537.5454545454538,
    1992.4545454545453,
    2732.272727272726,
    4425.181818181818
  ],
  "(1, -)": [
    205.00000000000003,
    411.00000000000006,
    617.0,
    824.0000000000001,
    1057.0,
    1324.0,
    1668.0,
    2093.0000000000014,
    2872.0,
    4252.0
  ],
  "(3, -)": [
    190.81818181818184,
    382.6363636363637,
    575.4545454545455,
    770.2727272727274,
    985.0909090909091,
    1239.909090909091,
    1558.7272727272727,
    1991.0909090909095,
    2716.272727272725,
    4065.000000000001
  ]
}