{
  "(2, +)": [
    0.9999998859690244,
    1.4051473079052468,
    2.3904815735453147,
    5.107752448927738
  ],
  "(3, +)": [
    0.9999998589285795,
    1.4095840890585207,
    2.4106674821345897,
    5.308674210509794
  ],
  "(1, +)": [
    0.9999998895332903,
    1.4080566141656647,
    2.4009489968169695,
    5.252511034796704
  ],
  "(2, -)": [
    0.9999998860617388,
    1.4051722934364903,
    2.3907209018453077,
    5.104219763056413
  ],
  "(1, -)": [
    0.9999998894811716,
    1.4075935153849528,
    2.4006560433402018,
    5.257520185417822
  ],
  "(3, -)": [
    0.9999998591703614,
    1.4097781549611224,
    2.4109718341489628,
    5.3009933758805845
  ]
}