{
  "event_probabilities": [
    [
      0.018060464910237363,
      0.5948639440879607,
      0.3781856343062613,
      0.008889956695540123
    ],
    [
      0.0033966851626199513,
      0.2262862540390734,
      0.7687127832765874,
      0.0016042775217198898
    ],
    [
      0.0035907241727291864,
      0.037906746109513736,
      0.9571145864111956,
      0.0013879433065621494
    ]
  ],
  "num_events": 4,
  "distances": [
    1,
    3,
    4,
    5,
    6,
    7,
    8,
    9
  ],
  "distances_distribution": {
    "probabilities": [
      0.01764649406343009,
      0.0,
      0.015195058725637662,
      0.017905261762272036,
      0.02925995181251686,
      0.05325859853974553,
      0.1011498246688825,
      0.17949700314087294,
      0.5860878072866423
    ],
    "alias": {
      "alias_table": [
        8,
        8,
        8,
        8,
        8,
        8,
        8,
        0,
        7
      ],
      "probabilities": [
        0.1588184465708708,
        0.0,
        0.13675552853073897,
        0.16114735586044832,
        0.2633395663126517,
        0.47932738685770976,
        0.9103484220199425,
        1.0,
        0.3845269717321429
      ]
    }
  },
  "log_prior_probabilities": [
    -2508.957436595112,
    -459.242959829513,
    0.0
  ],
  "log_transition_probabilities": {
    "9": [
      [
        -1.0038088987247917,
        -1.1364447490930072,
        -1.1629555428014093
      ],
      [
        -2.9611387462436536,
        -0.902861190128883,
        -0.610955383325205
      ],
      [
        -4.907823883254499,
        -2.5508987791478948,
        -0.0892685427104194
      ]
    ],
    "8": [
      [
        -0.23967483790797672,
        -1.8621424269267406,
        -2.8511671780845314
      ],
      [
        -2.9114657616265642,
        -0.25330071221086037,
        -1.7756717541494282
      ],
      [
        -5.376509312624369,
        -3.644307194619012,
        -0.0312465768414949
      ]
    ],
    "7": [
      [
        -0.09166780916581452,
        -2.6698185126484306,
        -3.999379225493624
      ],
      [
        -2.983064551111873,
        -0.08931497638732289,
        -3.3579907505178195
      ],
      [
        -5.491507797557733,
        -4.637022801683815,
        -0.013904337089144292
      ]
    ],
    "6": [
      [
        -0.043346559309707544,
        -3.4971142082118076,
        -4.411589511424612
      ],
      [
        -3.406431179368174,
        -0.03606888013435139,
        -6.089377476893979
      ],
      [
        -5.607246149223333,
        -5.39608268496853,
        -0.008239324002618176
      ]
    ],
    "5": [
      [
        -0.02285971267313691,
        -4.116283228272588,
        -5.067935255952859
      ],
      [
        -3.6764792595910833,
        -0.02563779243812725,
        -23.943105379862633
      ],
      [
        -5.551610818591513,
        -5.672299134645793,
        -0.007348078697072324
      ]
    ],
    "4": [
      [
        -0.017759083472613568,
        -4.605899334158359,
        -4.87834347038142
      ],
      [
        -3.8815656048404845,
        -0.02458322285805714,
        -5.608927781412129
      ],
      [
        -5.640528624369546,
        -5.373802266688647,
        -0.008221160756075818
      ]
    ],
    "3": [
      [
        -0.005723031577151261,
        -6.205167600003636,
        -5.602748029541772
      ],
      [
        -3.358679338433979,
        -0.03794693877722999,
        -6.009704994611138
      ],
      [
        -5.177864366696545,
        -4.788447199967591,
        -0.014063847518636763
      ]
    ],
    "1": [
      [
        -0.005951490372197554,
        -6.602179803568399,
        -5.386840561466758
      ],
      [
        -3.448608236751946,
        -0.03339641788399206,
        -6.85415343480426
      ],
      [
        -5.332868665825668,
        -6.587852602261675,
        -0.006226532332409107
      ]
    ]
  },
  "num_states": 3,
  "states": [
    "UNMETHYLATED",
    "LOW",
    "HIGH"
  ]
}