{
  "event_probabilities": [
    [
      0.21240283052834996,
      0.33445475257121504,
      0.38960481960027954,
      0.06353759730015404
    ],
    [
      0.022712896253913026,
      0.43155787683824426,
      0.536434358027784,
      0.009294868880051392
    ],
    [
      0.00414483504281671,
      0.05401538837136532,
      0.9400940207530427,
      0.0017457558327770282
    ]
  ],
  "num_events": 4,
  "distances": [
    1,
    3,
    4,
    5,
    6,
    7,
    8,
    9
  ],
  "distances_distribution": {
    "probabilities": [
      0.019982742080607387,
      0.0,
      0.018177538186869093,
      0.02041241747715311,
      0.015600194842902593,
      0.06296304437072053,
      0.10468906320128023,
      0.17894420388452084,
      0.5792307959559462
    ],
    "alias": {
      "alias_table": [
        8,
        8,
        8,
        8,
        8,
        8,
        8,
        0,
        7
      ],
      "probabilities": [
        0.17984467872546647,
        0.0,
        0.16359784368182184,
        0.183711757294378,
        0.14040175358612333,
        0.5666673993364848,
        0.9422015688115221,
        1.0,
        0.3895021650393108
      ]
    }
  },
  "log_prior_probabilities": [
    -44.613668877631426,
    -57.17682828241959,
    0.0
  ],
  "log_transition_probabilities": {
    "9": [
      [
        -3.6558601385555987,
        -2.391820829549931,
        -0.1247724430040229
      ],
      [
        -4.968339136669211,
        -0.644807791969706,
        -0.7586847827756085
      ],
      [
        -5.641677722657929,
        -3.513505596666631,
        -0.033907624879690346
      ]
    ],
    "8": [
      [
        -3.4397557508024645,
        -2.219781185376509,
        -0.15164345275149937
      ],
      [
        -5.979431824695409,
        -0.12295844645304044,
        -2.1788700963304652
      ],
      [
        -5.693385074342349,
        -3.9046800345329373,
        -0.023796475612137158
      ]
    ],
    "7": [
      [
        -3.0044343391211683,
        -2.2082891652832632,
        -0.17370511305823033
      ],
      [
        -6.37314477296129,
        -0.03757920161119799,
        -3.347417331220031
      ],
      [
        -5.942848392552464,
        -4.161881753974048,
        -0.018370467726958495
      ]
    ],
    "6": [
      [
        -2.909760904018402,
        -1.976688454199186,
        -0.21445140540825047
      ],
      [
        -6.645900682201404,
        -0.01418870434305397,
        -4.359155663128081
      ],
      [
        -5.770562747063414,
        -4.245140587451714,
        -0.017605797280708657
      ]
    ],
    "5": [
      [
        -2.2583134494728965,
        -1.3436950481549985,
        -0.45477071690284676
      ],
      [
        -6.9588491769891085,
        -0.012190932578551639,
        -4.494816030614112
      ],
      [
        -5.5924458769352015,
        -4.188776110160674,
        -0.019071446633047273
      ]
    ],
    "4": [
      [
        -3.2313660907525135,
        -2.093566029163247,
        -0.17763298049059273
      ],
      [
        -7.502703295321967,
        -0.007471604286150679,
        -4.977369294453199
      ],
      [
        -5.93651104252029,
        -4.309014056859793,
        -0.016218846877428916
      ]
    ],
    "3": [
      [
        -1.864765144062205,
        -2.1491172853830536,
        -0.3167945828633876
      ],
      [
        -6.878620652013435,
        -0.003649371063037421,
        -5.947196206499397
      ],
      [
        -5.680958284793871,
        -4.182437172929879,
        -0.018848070869827538
      ]
    ],
    "1": [
      [
        -2.118452358373584,
        -3.3236157227808905,
        -0.16988705162659468
      ],
      [
        -7.021966780390191,
        -0.0033325027474191415,
        -6.017854987097673
      ],
      [
        -5.115497828192877,
        -4.123190622593116,
        -0.022445788038977454
      ]
    ]
  },
  "num_states": 3,
  "states": [
    "UNMETHYLATED",
    "LOW",
    "HIGH"
  ]
}