{
  "event_probabilities": [
    [
      0.10688194245905132,
      0.8183102325023569,
      0.02822969324104246,
      0.04657813179756988
    ],
    [
      0.004146052134320818,
      0.44121349565651585,
      0.5522322059987648,
      0.0024082462103990065
    ],
    [
      0.003166786171871818,
      0.049720775799406675,
      0.9457262372246562,
      0.0013862008040654975
    ]
  ],
  "num_events": 4,
  "distances": [
    1,
    3,
    4,
    5,
    6,
    7,
    8,
    9
  ],
  "distances_distribution": {
    "probabilities": [
      0.021661991371030444,
      0.0,
      0.019767734361898374,
      0.022142225542359704,
      0.017442791151494823,
      0.05258183037824158,
      0.1074714527464821,
      0.17893296540789413,
      0.5799990090405989
    ],
    "alias": {
      "alias_table": [
        8,
        8,
        8,
        8,
        8,
        8,
        8,
        0,
        7
      ],
      "probabilities": [
        0.194957922339274,
        0.0,
        0.17790960925708538,
        0.19928002988123733,
        0.1569851203634534,
        0.47323647340417424,
        0.9672430747183388,
        1.0,
        0.38960331132895465
      ]
    }
  },
  "log_prior_probabilities": [
    -563.335349110188,
    -287.918367465958,
    0.0
  ],
  "log_transition_probabilities": {
    "9": [
      [
        -2.2424507287247266,
        -2.1844696073581984,
        -0.24684130017829808
      ],
      [
        -3.4697729015706145,
        -0.5017947203496966,
        -1.012160816495669
      ],
      [
        -4.333926092591954,
        -3.697970959267929,
        -0.03862617196960905
      ]
    ],
    "8": [
      [
        -1.325639270938825,
        -1.5483023611772158,
        -0.6505508127488984
      ],
      [
        -4.040330388642826,
        -0.086334999053717,
        -2.7315012736662343
      ],
      [
        -4.589516954474571,
        -4.201336943103049,
        -0.02545454126420843
      ]
    ],
    "7": [
      [
        -0.6492752082023419,
        -1.758432512501165,
        -1.1865882677917927
      ],
      [
        -4.48422548672809,
        -0.029200780460833187,
        -4.045958342664783
      ],
      [
        -4.621853041921344,
        -4.598180890328841,
        -0.02010546010801484
      ]
    ],
    "6": [
      [
        -0.3866902040647924,
        -2.20646878890067,
        -1.5577482254734587
      ],
      [
        -4.633903457006971,
        -0.020887623137717526,
        -4.51402944504135
      ],
      [
        -4.795872813183569,
        -4.424720227156909,
        -0.020449007819534515
      ]
    ],
    "5": [
      [
        -0.27955952062413747,
        -2.4044636779208495,
        -1.8736029697648067
      ],
      [
        -6.995189271565881,
        -0.00617554217511973,
        -5.251389248008682
      ],
      [
        -4.519154186982837,
        -4.745710870095389,
        -0.019781490720564676
      ]
    ],
    "4": [
      [
        -0.25045300542210036,
        -2.872137182145218,
        -1.801967041890383
      ],
      [
        -5.554550815742749,
        -0.010350668040976174,
        -5.047173059355254
      ],
      [
        -4.652747567996912,
        -5.1999643738835974,
        -0.015166560829699804
      ]
    ],
    "3": [
      [
        -0.16913321242079515,
        -3.460755302954611,
        -2.085881785944431
      ],
      [
        -5.574047429075131,
        -0.008056502085047157,
        -5.465778725330152
      ],
      [
        -5.003080610583937,
        -4.339415539542402,
        -0.01995923870662608
      ]
    ],
    "1": [
      [
        -0.16582744773292468,
        -2.933691155282932,
        -2.3065199367902975
      ],
      [
        -5.3031648662383075,
        -0.0071936268400421,
        -6.122943881776829
      ],
      [
        -4.532188232360155,
        -4.273326008648011,
        -0.025002440396978187
      ]
    ]
  },
  "num_states": 3,
  "states": [
    "UNMETHYLATED",
    "LOW",
    "HIGH"
  ]
}