{
  "event_probabilities": [
    [
      0.030519537852300906,
      0.6312682622312538,
      0.32562179655038953,
      0.012590403366057422
    ],
    [
      0.0031864780696413014,
      0.2732051000547982,
      0.7219389829961455,
      0.0016694388794151979
    ],
    [
      0.0034598532389526443,
      0.04162756052506277,
      0.9534583638616486,
      0.0014542223743365672
    ]
  ],
  "num_events": 4,
  "distances": [
    1,
    3,
    4,
    5,
    6,
    7,
    8,
    9
  ],
  "distances_distribution": {
    "probabilities": [
      0.018154842150704932,
      0.0,
      0.015523406662865377,
      0.018191676354062148,
      0.02937675054551455,
      0.053110501136703514,
      0.10200274930493858,
      0.17944887191568798,
      0.5841912019295229
    ],
    "alias": {
      "alias_table": [
        8,
        8,
        8,
        8,
        8,
        8,
        8,
        0,
        7
      ],
      "probabilities": [
        0.16339357935634438,
        0.0,
        0.1397106599657884,
        0.16372508718655934,
        0.26439075490963093,
        0.4779945102303316,
        0.9180247437444472,
        1.0,
        0.38496015275880735
      ]
    }
  },
  "log_prior_probabilities": [
    -4441.35259139305,
    -929.4666083413176,
    0.0
  ],
  "log_transition_probabilities": {
    "9": [
      [
        -1.2569483842429872,
        -1.3576441362783775,
        -0.7804213540932512
      ],
      [
        -2.8825051182672166,
        -0.8833618383615427,
        -0.6337188212551723
      ],
      [
        -4.582613894543956,
        -2.884703741670652,
        -0.06838534055262002
      ]
    ],
    "8": [
      [
        -0.3604423271060284,
        -1.6859029320615315,
        -2.1425505312046482
      ],
      [
        -2.843577597515181,
        -0.23806809666238493,
        -1.8731823554436264
      ],
      [
        -5.076354636895654,
        -3.7884911143369173,
        -0.029297352788079323
      ]
    ],
    "7": [
      [
        -0.14319489414300612,
        -2.4009731711377587,
        -3.15156471817418
      ],
      [
        -3.030309313383934,
        -0.0947318720286674,
        -3.168123093590528
      ],
      [
        -5.2046288305605035,
        -4.494509491251648,
        -0.016801606316802165
      ]
    ],
    "6": [
      [
        -0.07508789925948278,
        -3.064946146156914,
        -3.6619764615437456
      ],
      [
        -3.3271669542463655,
        -0.04698185902639551,
        -4.605106005024058
      ],
      [
        -5.311351905424272,
        -4.965693032327587,
        -0.01197983923249879
      ]
    ],
    "5": [
      [
        -0.034580954051692814,
        -3.909113523261298,
        -4.273596245242327
      ],
      [
        -3.854043009526217,
        -0.02413814326712682,
        -5.9312080762440775
      ],
      [
        -5.1450542024921475,
        -4.990479220753274,
        -0.012711005948178311
      ]
    ],
    "4": [
      [
        -0.02415239586322393,
        -4.705915167220553,
        -4.211681510728064
      ],
      [
        -4.41135895754987,
        -0.01713830269395622,
        -5.328033302761378
      ],
      [
        -5.210711316434238,
        -5.335097595148095,
        -0.01033040519670081
      ]
    ],
    "3": [
      [
        -0.024231674598615527,
        -4.311901057160289,
        -4.553298229125361
      ],
      [
        -4.477179994854536,
        -0.011430723162208167,
        -15.320058412080137
      ],
      [
        -4.984707766892689,
        -5.172468091835852,
        -0.012591271611370303
      ]
    ],
    "1": [
      [
        -0.010028829173261755,
        -6.359632154879449,
        -4.797699037664821
      ],
      [
        -4.114380699218531,
        -0.020181071438051035,
        -5.615018474345052
      ],
      [
        -4.991463923792509,
        -5.3242270815557,
        -0.011736427329491761
      ]
    ]
  },
  "num_states": 3,
  "states": [
    "UNMETHYLATED",
    "LOW",
    "HIGH"
  ]
}